<?xml version="1.0" encoding="UTF-8"?>
<project-private xmlns="http://www.netbeans.org/ns/project-private/1">
    <editor-bookmarks xmlns="http://www.netbeans.org/ns/editor-bookmarks/2" lastBookmarkId="0"/>
    <open-files xmlns="http://www.netbeans.org/ns/projectui-open-files/2">
        <group>
            <file>file:/C:/Users/user/Desktop/ArchivosDos/src/Prueba_clases/LeerArchivoTexto1.java</file>
            <file>file:/C:/Users/user/Desktop/ArchivosDos/src/Prueba_clases/Main.java</file>
            <file>file:/C:/Users/user/Desktop/ArchivosDos/src/Prueba_clases/OperacionData.java</file>
            <file>file:/C:/Users/user/Desktop/ArchivosDos/src/Prueba_clases/Estadio.java</file>
        </group>
    </open-files>
</project-private>
